{"cameraMode":{"drawMode":0,"name":"Shaded","section":"Shading Mode"},"sceneLighting":false,"audioPlay":false,"sceneViewState":{"m_AlwaysRefresh":false,"showFog":true,"showSkybox":false,"showFlares":true,"showImageEffects":true,"showParticleSystems":true,"showVisualEffectGraphs":true,"m_FxEnabled":true},"in2DMode":false,"pivot":{"x":-0.3670114278793335,"y":0.06069454550743103,"z":-0.6972023248672485},"rotation":{"x":0.10448485612869263,"y":0.7032514810562134,"z":-0.10521165281534195,"w":0.6954790353775024},"size":5.590169906616211,"orthographic":false}