{"cameraMode":{"drawMode":0,"name":"Shaded","section":"Shading Mode"},"sceneLighting":false,"audioPlay":false,"sceneViewState":{"m_AlwaysRefresh":false,"showFog":true,"showSkybox":false,"showFlares":true,"showImageEffects":true,"showParticleSystems":true,"showVisualEffectGraphs":true,"m_FxEnabled":true},"in2DMode":false,"pivot":{"x":1.7335748672485352,"y":2.1723551750183107,"z":0.5715221166610718},"rotation":{"x":0.08411259204149246,"y":0.5272105932235718,"z":-0.052503254264593127,"w":0.8440200686454773},"size":4.596738338470459,"orthographic":false}